JSON_admins_age,JSON_admins_name,JSON_admins_social_facebook_main,JSON_admins_social_facebook_sub,JSON_admins_social_twitter,JSON_admins_social_youtube,JSON_admins_type,JSON_cunts_age,JSON_cunts_name,JSON_cunts_social_facebook_main,JSON_cunts_social_facebook_sub,JSON_cunts_social_twitter,JSON_cunts_social_youtube,JSON_cunts_type,JSON_users_age,JSON_users_name,JSON_users_social_facebook_main,JSON_users_social_facebook_sub,JSON_users_social_twitter,JSON_users_social_youtube,JSON_users_type
23,Elliot,https://facebook.com,,https://twitter.com,https://youtube.com,Reader,23,Elliot,https://facebook.com,,https://twitter.com,https://youtube.com,Reader,23,Elliot,https://facebook.com,,https://twitter.com,https://youtube.com,Reader
17,Fraser,https://facebook.com,facebook2.com,https://twitter.com,https://youtube.com,Author,17,Fraser,https://facebook.com,facebook2.com,https://twitter.com,https://youtube.com,Author,17,Fraser,https://facebook.com,facebook2.com,https://twitter.com,https://youtube.com,Author

































































































